{"cameraMode":{"drawMode":0,"name":"Shaded","section":"Shading Mode"},"sceneLighting":true,"audioPlay":false,"sceneViewState":{"m_AlwaysRefresh":false,"showFog":true,"showSkybox":true,"showFlares":true,"showImageEffects":true,"showParticleSystems":true,"showVisualEffectGraphs":true,"m_FxEnabled":true},"in2DMode":false,"pivot":{"x":26.549667358398439,"y":48.83128356933594,"z":75.13642883300781},"rotation":{"x":-0.03329552710056305,"y":-0.021889016032218934,"z":0.0007293173694051802,"w":-0.9992063641548157},"size":118.03797912597656,"orthographic":false}