{"cameraMode":{"drawMode":0,"name":"Shaded","section":"Shading Mode"},"sceneLighting":true,"audioPlay":false,"sceneViewState":{"m_AlwaysRefresh":false,"showFog":true,"showSkybox":true,"showFlares":true,"showImageEffects":true,"showParticleSystems":true,"showVisualEffectGraphs":true,"m_FxEnabled":true},"in2DMode":false,"pivot":{"x":6.1495137214660648,"y":10.469730377197266,"z":-11.900436401367188},"rotation":{"x":-0.14701628684997559,"y":0.11132997274398804,"z":-0.016648944467306138,"w":-0.9827120304107666},"size":18.222633361816408,"orthographic":true}