{"cameraMode":{"drawMode":0,"name":"Shaded","section":"Shading Mode"},"sceneLighting":true,"audioPlay":false,"sceneViewState":{"m_AlwaysRefresh":false,"showFog":true,"showSkybox":true,"showFlares":true,"showImageEffects":true,"showParticleSystems":true,"showVisualEffectGraphs":true,"m_FxEnabled":true},"in2DMode":false,"pivot":{"x":98.89195251464844,"y":101.33256530761719,"z":-60.79425811767578},"rotation":{"x":-0.05243002250790596,"y":0.04223582148551941,"z":-0.0022134329192340376,"w":-0.9977270364761353},"size":145.076416015625,"orthographic":true}